title,company,location,link
Software Test Engineer,KBC Group N.V. - Branch Bulgaria / Digital Development Center,"Varna, Bulgaria",https://stackoverflow.com/jobs/530601
"Senior Software Engineer, Insights",Auth0,No office location,https://stackoverflow.com/jobs/537921
Software Tester (m/f),RINGANA GmbH,"Wien, Österreich",https://stackoverflow.com/jobs/421726
Webdeveloper for Backend (NodeJS) and Frontend (Vue) (m/f),RINGANA GmbH,"Wien, Österreich",https://stackoverflow.com/jobs/421723
Frontend Software Developer (React),Derivco.,"Bondi Junction, Australia",https://stackoverflow.com/jobs/534782
Softwaredeveloper for Backend (.Net Core) and Frontend (UWP) (m/f),RINGANA GmbH,"Wien, Österreich",https://stackoverflow.com/jobs/420065
Sr Software Engineer - APIs and Microservices - Servicing,"loanDepot, LLC","Plano, TX",https://stackoverflow.com/jobs/509034
Full Stack Software Developer (Senior),Derivco.,"Hope Island, Australia",https://stackoverflow.com/jobs/529028
"Senior Software Engineer, IAM Authentication",Auth0,No office location,https://stackoverflow.com/jobs/533798
Sr. Front End Developer - Angular/React,"loanDepot, LLC","Plano, TX",https://stackoverflow.com/jobs/505661
Product Owner Software (m/f),RINGANA GmbH,"Wien, Österreich",https://stackoverflow.com/jobs/481732
Full-Stack Software Developer,Derivco.,"Hope Island, Australia",https://stackoverflow.com/jobs/529034
"Full Stack Engineer, Dashboard",Auth0,No office location,https://stackoverflow.com/jobs/537923
Software Development Manager,Derivco.,"Bondi Junction, Australia",https://stackoverflow.com/jobs/534783
Web-Tester (m/f),RINGANA GmbH,"Wien, Österreich",https://stackoverflow.com/jobs/421728
Software Engineer,ContentFly,"Toronto, ON, Canada",https://stackoverflow.com/jobs/528099
Intermediate Front-End Developer,Derivco.,"Umhlanga, South Africa",https://stackoverflow.com/jobs/528641
"Senior Full Stack Engineer, Ecosystem",Auth0,No office location,https://stackoverflow.com/jobs/526770
Full Stack Software Engineer (Ruby on Rails),InCloudCounsel,"San Francisco, CA",https://stackoverflow.com/jobs/441977
Full-Stack Software Developer (f/m/x),Cozero,"Berlin, Deutschland",https://stackoverflow.com/jobs/529572
Senior Full-Stack Developer,Derivco.,"Umhlanga, South Africa",https://stackoverflow.com/jobs/528652
Senior Software Engineer in Test,Shapr3D,"Budapest, Hungary",https://stackoverflow.com/jobs/497044
Data Engineer,Persado,"Athens, Greece",https://stackoverflow.com/jobs/522936
Vue.js Entwickler,Computer FuturesviaComputer Futures Solutions GmbH,No office location,https://stackoverflow.com/jobs/524475
Software Developer Team Lead,Derivco.,"Umhlanga, South Africa",https://stackoverflow.com/jobs/528640
AWS Architect / Consultant: Flexible hours & remote work (UK only),The Scale Factory,"London, UK",https://stackoverflow.com/jobs/121655
Mobile QA Engineer for George (all genders),Erste Group,"Wien, Österreich",https://stackoverflow.com/jobs/535498
Senior Software Engineer,Rodeo,"Amsterdam, Netherlands",https://stackoverflow.com/jobs/485082
Application Developer,Addison Group,"Vernon Hills, IL",https://stackoverflow.com/jobs/513774
"Backend Developer PHP, Java, Kotlin, MySQL (f/m/d)",AddApptr GmbH,"Hamburg, Germany",https://stackoverflow.com/jobs/431667
Senior Java + Spring Boot Developer,Napptilus Tech Labs,"Barcelona, Spain",https://stackoverflow.com/jobs/465957
Lead Backend Developer,N26,"Vienna, Austria",https://stackoverflow.com/jobs/527115
Software Engineer I,Energy Worldnet,"Decatur, TX",https://stackoverflow.com/jobs/529297
Software Engineer - Data,"JPMorgan Chase Bank, N.A.","Bournemouth, UK",https://stackoverflow.com/jobs/537493
"Senior Software Engineer, Data Systems Integrations",Cribl,No office location,https://stackoverflow.com/jobs/524409
"AI/ML - Machine Learning Engineer, Siri",Apple,"Seattle, WA",https://stackoverflow.com/jobs/523419
React/ReactNative Front End Developer   - Europe - 100% Remote,"Orion Advisor Solutions, Inc.",No office location,https://stackoverflow.com/jobs/524759
Cloud & IT Architect,Derivco.,"Umhlanga, South Africa",https://stackoverflow.com/jobs/528636
Cloud Engineer (Azure & K8s),Artificial Solutions,"Barcelona, Spain",https://stackoverflow.com/jobs/532817
Experienced Software Engineer with longstanding passion for programming,Evidos B.V.,"Haarlem, Netherlands",https://stackoverflow.com/jobs/526204
Software Architect,Derivco.,"Umhlanga, South Africa",https://stackoverflow.com/jobs/528637
Mid-Senior Full Stack Java Developer,Brazen,"Arlington, VA",https://stackoverflow.com/jobs/536849
Senior Front-End Developer,Derivco.,"Umhlanga, South Africa",https://stackoverflow.com/jobs/528639
Senior Software Engineer – Application Integrations,Audible,"Newark, NJ",https://stackoverflow.com/jobs/534209
Software Engineer - Ecommerce,dribbleup,"Brooklyn, NY",https://stackoverflow.com/jobs/528422
Software Developer (m/f/d) for GIS Applications,KWS SAAT SE & Co. KGaA,"Einbeck, Germany",https://stackoverflow.com/jobs/533356
C# Backend Developer,DFDS A/S,"Copenhagen, Denmark",https://stackoverflow.com/jobs/513351
Staff Software Engineer/Team Lead,"Comscore, Inc.","Reston, VA",https://stackoverflow.com/jobs/528556
Backend Developer,Quant,"London, UK",https://stackoverflow.com/jobs/499172
Intermediate Observability Engineer,Derivco.,"Umhlanga, South Africa",https://stackoverflow.com/jobs/528647
System Architect for our new Digital Development Center,KBC Group N.V. - Branch Bulgaria / Digital Development Center,"Varna, Bulgaria",https://stackoverflow.com/jobs/524446
Intermediate Observability Engineer,Derivco.,"Umhlanga, South Africa",https://stackoverflow.com/jobs/528647
Mainframe (Back-end) Engineer,KBC Group N.V. - Branch Bulgaria / Digital Development Center,"Varna, Bulgaria",https://stackoverflow.com/jobs/530253
Integration Architect for George (all genders),Erste Group,"Wien, Österreich",https://stackoverflow.com/jobs/530988
Senior Software Developer iOS (m/w/d) - Meckenheim (Bonn) / remote,"SThree Temp ExpertsviaProgressive, ein Geschäftszweig der SThree GmbH","Meckenheim, Deutschland",https://stackoverflow.com/jobs/523990
Senior Software Developers and Embedded Software Developers,Qamcom,"Kista, Sweden",https://stackoverflow.com/jobs/537064
INTERNAL IT SUPPORT & PROJEKTMANAGEMENT (M/W),RINGANA GmbH,"Wien, Österreich",https://stackoverflow.com/jobs/466802
Senior Software Developer Web (m/w/d) - Meckenheim (Bonn) / remote,"SThree Temp ExpertsviaProgressive, ein Geschäftszweig der SThree GmbH","Meckenheim, Deutschland",https://stackoverflow.com/jobs/524024
Senior Software Engineer – Material Analysis Team (C++) (m/w/d),Volume Graphics GmbH,"Heidelberg, Deutschland",https://stackoverflow.com/jobs/465018
"Senior Software Engineer, Java",Aaqua,"Brussels, Belgium",https://stackoverflow.com/jobs/525330
Data Support Services Engineer,Derivco.,"Pretoria, South Africa",https://stackoverflow.com/jobs/528643
Senior QA Automation Engineer,Brazen,"Arlington, VA",https://stackoverflow.com/jobs/531567
"Principal Software Engineer, Test",Cribl,No office location,https://stackoverflow.com/jobs/525654
Senior Python Developer (m//f/d) with Kubernetes-Focus for Monitoring-Company,tribe29 GmbH,"München, Deutschland",https://stackoverflow.com/jobs/508981
Senior Software Engineer,"Comscore, Inc.",No office location,https://stackoverflow.com/jobs/524634
Scrum Master for our new Digital Development Center,KBC Group N.V. - Branch Bulgaria / Digital Development Center,"Varna, Bulgaria",https://stackoverflow.com/jobs/524459
Backend Engineer,Frontify AG,No office location,https://stackoverflow.com/jobs/530324
Senior Software Engineer,Aaqua,Singapore,https://stackoverflow.com/jobs/466259
Full Stack/Frontend Developer Search & Chat,NN Group N.V.,"Den Haag, Netherlands",https://stackoverflow.com/jobs/536831
Static Code Analysis - TypeScript Developer,SonarSource,"Geneva, Switzerland",https://stackoverflow.com/jobs/531810
Senior Backend Engineer,Audible,"Newark, NJ",https://stackoverflow.com/jobs/527692
Senior Software Engineer - Web and International QA Team,Audible,"Newark, NJ",https://stackoverflow.com/jobs/438809
Site Reliability Engineer (m/w/d),Sthree GmbH VIA Computer Futures Solutions GmbHviaComputer Futures Solutions GmbH,"Berlin, Deutschland",https://stackoverflow.com/jobs/525263
Static Code Analysis - Senior Java Developer,SonarSource,"Geneva, Switzerland",https://stackoverflow.com/jobs/466843
Senior Software Engineer- REMOTE,DMG,No office location,https://stackoverflow.com/jobs/293234
Full Stack Developer,nowon AG,"Winterthur, Schweiz",https://stackoverflow.com/jobs/518957
"Java/Spring Developer To Work on Articles (remote, part-time)",Baeldung,No office location,https://stackoverflow.com/jobs/521851
Software Technical Designer,KBC Group N.V. - Branch Bulgaria / Digital Development Center,"Varna, Bulgaria",https://stackoverflow.com/jobs/523971
Sr Software Mobile iOS Engineer,Audible,"Newark, NJ",https://stackoverflow.com/jobs/525144
Static Code Analysis - Senior Java Developer,SonarSource,"Geneva, Switzerland",https://stackoverflow.com/jobs/466843
Scrum Master (m/w/d),umlaut,"Aachen, Deutschland",https://stackoverflow.com/jobs/533445
Senior DevOps Engineer,Derivco.,"Douglas, Isle of Man",https://stackoverflow.com/jobs/529921
"Kotlin Developer To Work on Articles (remote, part-time)",Baeldung,No office location,https://stackoverflow.com/jobs/534476
Senior IT Network Engineer,Derivco.,"Umhlanga, South Africa",https://stackoverflow.com/jobs/528649
Senior Frontend Engineer (React),Rodeo,"Amsterdam, Netherlands",https://stackoverflow.com/jobs/516002
Senior Web Developer (m/f/d),PAYBACK,"München, Deutschland",https://stackoverflow.com/jobs/509395
Fullstack Senior Software Dev Engineer - Discovery,Audible,"Newark, NJ",https://stackoverflow.com/jobs/535770
Senior Software Engineer,CureMint,"Durham, NC",https://stackoverflow.com/jobs/529426
"Director of Engineering (Full Stack); Leader, Mentor, Partner - work with us!",Remixd Media,No office location,https://stackoverflow.com/jobs/455957
Android Entwickler (m/w/d),umlaut,"Aachen, Deutschland",https://stackoverflow.com/jobs/516556
Senior Software Engineer,Aaqua,"Toronto, ON, Canada",https://stackoverflow.com/jobs/465926
Intermediate Back-End Software Developer,Derivco.,"Umhlanga, South Africa",https://stackoverflow.com/jobs/528653
SDET - Selenium/C#,"loanDepot, LLC","Plano, TX",https://stackoverflow.com/jobs/467985
Senior Golang Engineer,Spark Digital,No office location,https://stackoverflow.com/jobs/534033
Software Engineer II,"Comscore, Inc.","Reston, VA",https://stackoverflow.com/jobs/516057
Principal Cloud Software Engineer - Remote,Stryker Corporation,"Redmond, WA",https://stackoverflow.com/jobs/524913
iOS Engineer - Ad Platforms,Apple,"Austin, TX",https://stackoverflow.com/jobs/530761
Senior Full-Stack Engineer,Audible,"Newark, NJ",https://stackoverflow.com/jobs/426408
"Work on Computer Science and AI/ML focused Tutorials (remote, part-time)",Baeldung,No office location,https://stackoverflow.com/jobs/526808
Data Architect,Derivco.,"Umhlanga, South Africa",https://stackoverflow.com/jobs/528638
Java Software Engineer - Big Data,"JPMorgan Chase Bank, N.A.","Glasgow, UK",https://stackoverflow.com/jobs/536690
"Manager, Software Engineering - Core iOS",Audible,"Cambridge, MA",https://stackoverflow.com/jobs/511309
Senior Full-Stack Engineer,Audible,"Newark, NJ",https://stackoverflow.com/jobs/426408
Data Architect,Derivco.,"Umhlanga, South Africa",https://stackoverflow.com/jobs/528638
Data Architect,WeLab Bank Limited,Hong Kong,https://stackoverflow.com/jobs/531046
Unity Developer,Fugo Games,"Sarıyer, Turkey",https://stackoverflow.com/jobs/473095
Android Developer (f/m/d),PAYBACK,"München, Deutschland",https://stackoverflow.com/jobs/503191
User Experience Manager für CT Software (m/w/d),Volume Graphics GmbH,"Heidelberg, Deutschland",https://stackoverflow.com/jobs/533088
Senior Security Engineer,"Comscore, Inc.","Reston, VA",https://stackoverflow.com/jobs/527985
Mobile React Native Developer,Aaqua,"Antwerp, Belgium",https://stackoverflow.com/jobs/523981
C# Software Engineer - Windows UI heavy development,Shapr3D,"Budapest, Hungary",https://stackoverflow.com/jobs/443581
Sr Software Mobile iOS Engineer,Audible,"Newark, NJ",https://stackoverflow.com/jobs/526221
Full Stack Developer,Rakettitiede,"Helsinki, Finland",https://stackoverflow.com/jobs/522743
Symfony/PHP Engineer,Compucorp,"London, UK",https://stackoverflow.com/jobs/526464
Senior Software Engineer – Business Apps,Audible,"Newark, NJ",https://stackoverflow.com/jobs/520295
Senior Software Engineer (Angular/.NET),"Unanet, Inc.",No office location,https://stackoverflow.com/jobs/536879
Software Developer C++ (m/f) with a Focus on 3D/Geometry Processing,Volume Graphics GmbH,"Heidelberg, Deutschland",https://stackoverflow.com/jobs/163095
Software Development Engineer,Audible,"Newark, NJ",https://stackoverflow.com/jobs/526220
Software Engineering Manager,Groups360,"Brentwood, TN",https://stackoverflow.com/jobs/537656
Experienced Ruby Developer,SimplePay,No office location,https://stackoverflow.com/jobs/516780
Full-Stack Senior Software Development Engineer II,Audible,"Newark, NJ",https://stackoverflow.com/jobs/529183
Senior C# Entwickler (m/w),Computer FuturesviaComputer Futures Solutions GmbH,"Berlin, Germany",https://stackoverflow.com/jobs/522772
Cloud Engineer,Rodeo,"Amsterdam, Netherlands",https://stackoverflow.com/jobs/485075
Full Stack Developers,Digia,"Helsinki, Finland",https://stackoverflow.com/jobs/518080
Infrastructure Software Engineer,Temporal Technologies,No office location,https://stackoverflow.com/jobs/500513
Support Product Spezialist (w/m/d),Siemens AG,"Regensburg, Germany",https://stackoverflow.com/jobs/537623
Full Stack Developers,Digia,"Helsinki, Finland",https://stackoverflow.com/jobs/518080
Senior Software Quality Assurance Tester,Energy Worldnet,"Decatur, TX",https://stackoverflow.com/jobs/522960
"Senior Platform Engineer (Infrastructure, DevOps)",AMBOSS,"Berlin, Germany",https://stackoverflow.com/jobs/536546
Reactjs Developer Architect,"Ciber Global, LLC","Austin, TX",https://stackoverflow.com/jobs/532941
Senior Data Engineer,"Comscore, Inc.","Reston, VA",https://stackoverflow.com/jobs/516054
Senior Software Development Engineer,Audible,"Newark, NJ",https://stackoverflow.com/jobs/436965
iOS Engineer - with C++ skills,Shapr3D,"Budapest, Hungary",https://stackoverflow.com/jobs/482370
PHP Developer,Quant,"London, UK",https://stackoverflow.com/jobs/517291
Java Software Engineer - Big Data,"JPMorgan Chase Bank, N.A.","Glasgow, UK",https://stackoverflow.com/jobs/536690
Mobiilikehittäjä,Digia,"Helsinki, Finland",https://stackoverflow.com/jobs/516373
Senior PHP Developer @Loyals,Loyals B.V.,"Mijdrecht, Netherlands",https://stackoverflow.com/jobs/503555
Senior Fullstack Engineer - Python / Django / React,StyleSeat,No office location,https://stackoverflow.com/jobs/522691
Product Manager - JavaScript Ecosystem,SonarSource,"Geneva, Switzerland",https://stackoverflow.com/jobs/528744
VBA-Entwickler und IDV-Koordinator (m/w/d),L-Bank,"Karlsruhe, Deutschland",https://stackoverflow.com/jobs/519420
ECM - RFQ 46 - Support Digitalization Project iPEP,"Progressive RecruitmentviaProgressive, ein Geschäftszweig der SThree GmbH","Leverkusen, Germany",https://stackoverflow.com/jobs/526435
Mid-Level UI/UX Developer,Crossway,No office location,https://stackoverflow.com/jobs/522846
Senior C++ Engineer - with maths,Shapr3D,"Budapest, Hungary",https://stackoverflow.com/jobs/440293
Backend Engineer,AMBOSS,"Berlin, Germany",https://stackoverflow.com/jobs/536547
Senior Software Development Engineer – Audible on Amazon,Audible,"Newark, NJ",https://stackoverflow.com/jobs/536856
"Linux Developer To Work on Articles (remote, part-time)",Baeldung,No office location,https://stackoverflow.com/jobs/522001
Senior/Lead Site Reliability Engineer,Quant,"London, UK",https://stackoverflow.com/jobs/528691
Solutions Engineer,Tenet3,"Dayton, OH",https://stackoverflow.com/jobs/537903
Senior Flutter Developer,AppEvolve,No office location,https://stackoverflow.com/jobs/535589
Senior Data Scientist,FreeAgent,"Edinburgh, UK",https://stackoverflow.com/jobs/529234
C++/Qt/QML,Computer FuturesviaComputer Futures Solutions GmbH,"Hamburg, Germany",https://stackoverflow.com/jobs/525196
System – and Database- Administrator (f/m/d),AddApptr GmbH,"Hamburg, Germany",https://stackoverflow.com/jobs/272132
Cloud Engineer,trivago N.V.,"Düsseldorf, Germany",https://stackoverflow.com/jobs/523506
Senior Data Engineer,Audible,"Newark, NJ",https://stackoverflow.com/jobs/485772
"Director, Software Development – Consumer Domain",Audible,"Newark, NJ",https://stackoverflow.com/jobs/529276
Qualifikationsingenieur-/ Tester (m/w/d) für elektronische Baugruppen – Stgt,Robert Bosch GmbHviaComputer Futures Solutions GmbH,"Leinfelden-Echterdingen, Deutschland",https://stackoverflow.com/jobs/525664
Mid-Level iOS Developer,Crossway,No office location,https://stackoverflow.com/jobs/520142
Senior Technical Support Engineer,emerchantpay,"Sofia, Bulgaria",https://stackoverflow.com/jobs/519479
Test Engineer,CGI Inc.,"Halifax, NS, Canada",https://stackoverflow.com/jobs/527022
Senior Data Engineer,Audible,"Newark, NJ",https://stackoverflow.com/jobs/437985
Systems Engineer,Audible,"Newark, NJ",https://stackoverflow.com/jobs/527034
"Security Engineer, Application and Data Security",Audible,"Newark, NJ",https://stackoverflow.com/jobs/527693
Software Architect Lead,WeLab Bank Limited,Hong Kong,https://stackoverflow.com/jobs/531043
Solutions Engineer (m/f/d),Smartlane GmbH,"München, Germany",https://stackoverflow.com/jobs/523761
Software Analyst / 2nd and 3rd Level Support PowerDNS,Open-Xchange GmbH,No office location,https://stackoverflow.com/jobs/536847
Technical Blogger,Hit Subscribe,No office location,https://stackoverflow.com/jobs/466460
Senior Full Stack Development Engineer -  International Expansion,Audible,"Newark, NJ",https://stackoverflow.com/jobs/529397
Product Customer Support Specialist,Real StaffingviaReal Staffing US,"Warsaw, IN",https://stackoverflow.com/jobs/522902
Product Customer Support Specialist,Real StaffingviaReal Staffing US,"Warsaw, IN",https://stackoverflow.com/jobs/522988
Backend Developer - Business Systems / Content Services,Soundtrack Your Brand,"Stockholm, Sweden",https://stackoverflow.com/jobs/512053
Senior Product Manager,Double Good,"Chicago, IL",https://stackoverflow.com/jobs/528826
Senior Android Engineer,Audible,"Cambridge, MA",https://stackoverflow.com/jobs/483517
Principal Embedded Software Engineer - Medical Devices,Stryker (United States),"Redmond, WA",https://stackoverflow.com/jobs/441982
Senior Site Reliability Engineer,"LeoLabs, Inc.","Menlo Park, CA",https://stackoverflow.com/jobs/531446
Senior Full Stack Development Engineer -  International Expansion,Audible,"Newark, NJ",https://stackoverflow.com/jobs/525968
Technical Product Marketing Lead,Canonical,No office location,https://stackoverflow.com/jobs/518811
Technical Blogger,Hit Subscribe,No office location,https://stackoverflow.com/jobs/466460
Scala Developer,Zivver B.V.,"Amsterdam, Netherlands",https://stackoverflow.com/jobs/496867
We are looking for more developers!,Easee,"Stavanger, Norway",https://stackoverflow.com/jobs/470731
Senior Site Reliability Engineer,"LeoLabs, Inc.","Menlo Park, CA",https://stackoverflow.com/jobs/531446
Java / Spring Boot Developer (f/m/d),1&1 Mail & Media Applications SE - WEB.DE | GMX | 1&1 | mail.com,"München, Deutschland",https://stackoverflow.com/jobs/524927
Founding Head of Engineering,Modal,"San Francisco, CA",https://stackoverflow.com/jobs/529689
Softwareentwickler (m/w/d) am Standort Köln,ALSCO Berufskleidungs-Service GmbH,"Köln, Deutschland",https://stackoverflow.com/jobs/533654
Engineering Manager,AMBOSS,"Berlin, Germany",https://stackoverflow.com/jobs/524863
Data Engineer,Web Summit,No office location,https://stackoverflow.com/jobs/536578
"Project Manager, Data Science",McDonald's Corporation,"Chicago, IL",https://stackoverflow.com/jobs/530586
VELYS Product Customer Support Specialist,Real StaffingviaReal Staffing US,"Warsaw, IN",https://stackoverflow.com/jobs/522864
Head of Engineering,Alcumus,"Nantgarw, UK",https://stackoverflow.com/jobs/530325
Static Code Analysis - C++ Developer,SonarSource,"Geneva, Switzerland",https://stackoverflow.com/jobs/466845
IT Support Engineer II,Audible,"Newark, NJ",https://stackoverflow.com/jobs/455492
Artificial Intelligence - Product Manager,"JPMorgan Chase Bank, N.A.","Columbus, OH",https://stackoverflow.com/jobs/536943
Front End Developer,Cloudwise B.V.,"Woerden, Netherlands",https://stackoverflow.com/jobs/537838
PHP Developer,Bluebird Day B.V.,"Breda, Netherlands",https://stackoverflow.com/jobs/504916
Software Development Engineer II – Shopping,Audible,"Newark, NJ",https://stackoverflow.com/jobs/523944
IT-Systemadministrator Microsoft (m/w/d),Sthree GmbH VIA Computer Futures Solutions GmbHviaComputer Futures Solutions GmbH,"Berlin, Deutschland",https://stackoverflow.com/jobs/525247
Fullstack Engineer,WeLab Bank Limited,Hong Kong,https://stackoverflow.com/jobs/523209
Static Code Analysis - Appsec Researcher,SonarSource,"Geneva, Switzerland",https://stackoverflow.com/jobs/522563
Data Scientist,AutoTrader,"Toronto, ON, Canada",https://stackoverflow.com/jobs/529015
Platform Engineer,WeLab Bank Limited,Hong Kong,https://stackoverflow.com/jobs/523207
Cloud Support Engineer (Remote),Platform.sh,No office location,https://stackoverflow.com/jobs/506044
Data Engineer - NHS Test & Trace (Grade- SEO),Government Digital Service (GDS),"London, UK",https://stackoverflow.com/jobs/527129
Technical Content Creator - Australia (remote),Octopus Deploy,No office location,https://stackoverflow.com/jobs/523973
"Cloud Support Engineer (Remote, New Zealand)",Platform.sh,No office location,https://stackoverflow.com/jobs/525490
System Engineer,WeLab Bank Limited,Hong Kong,https://stackoverflow.com/jobs/529244
Principal Engineer - Rust,Temporal Technologies,No office location,https://stackoverflow.com/jobs/528914
Web Developer/Technical Analyst,Air Line Pilots Association,"Tysons, VA",https://stackoverflow.com/jobs/534758
Test Engineer,ASRC Federal,"Moorestown, NJ",https://stackoverflow.com/jobs/500822
Scala Engineer,Snowplow Analytics,No office location,https://stackoverflow.com/jobs/537076
Senior DevOps Engineer (m/f/d),Allianz Technology SE,"München, Deutschland",https://stackoverflow.com/jobs/529501
Site Reliability Engineer,Container Solutions B.V.,No office location,https://stackoverflow.com/jobs/486391
Director of Product - Temporal Cloud,Temporal Technologies,No office location,https://stackoverflow.com/jobs/528916
Software Engineer (Platform team),funda,"Amsterdam, Netherlands",https://stackoverflow.com/jobs/526691
Principal Solutions Architect,Temporal Technologies,No office location,https://stackoverflow.com/jobs/528913
Big Data Solution Engineer (m/f/d),Allianz Technology,"München, Deutschland",https://stackoverflow.com/jobs/529254
Senior Data Engineer,StyleSeat,No office location,https://stackoverflow.com/jobs/525037
Senior Machine Learning Engineer,StyleSeat,No office location,https://stackoverflow.com/jobs/530297
Platform Engineer,Impala,No office location,https://stackoverflow.com/jobs/533451
